{"numeric": {"tiempo_contrato_meses": {"mean": 18.285, "std": 9.980135947096992, "bins": [1.0, 4.4, 7.8, 11.2, 14.6, 18.0, 21.4, 24.8, 28.2, 31.599999999999998, 35.0], "counts": [63, 59, 54, 42, 57, 77, 54, 77, 53, 64]}, "retrasos_pago": {"mean": 0.7083333333333334, "std": 0.8743787046168083, "bins": [0.0, 0.6, 1.2, 1.7999999999999998, 2.4, 3.0, 3.5999999999999996, 4.2, 4.8, 5.3999999999999995, 6.0], "counts": [299, 207, 0, 72, 0, 18, 1, 0, 2, 1]}, "uso_mensual": {"mean": 17.420716666666667, "std": 5.934104986407391, "bins": [0.5, 3.999, 7.498, 10.997, 14.496, 17.995, 21.494, 24.993000000000002, 28.492, 31.991, 35.49], "counts": [7, 24, 55, 97, 123, 151, 90, 34, 11, 8]}, "nps": {"mean": 5.18, "std": 3.1645363774398665, "bins": [0.0, 1.0, 2.0, 3.0, 4.0, 5.0, 6.0, 7.0, 8.0, 9.0, 10.0], "counts": [48, 55, 55, 47, 52, 50, 58, 56, 60, 119]}, "quejas": {"mean": 0.47833333333333333, "std": 0.6508224324805669, "bins": [0.0, 0.3, 0.6, 0.8999999999999999, 1.2, 1.5, 1.7999999999999998, 2.1, 2.4, 2.6999999999999997, 3.0], "counts": [360, 0, 0, 198, 0, 0, 37, 0, 0, 5]}, "interacciones_soporte": {"mean": 1.0433333333333332, "std": 1.04079824679896, "bins": [0.0, 0.5, 1.0, 1.5, 2.0, 2.5, 3.0, 3.5, 4.0, 4.5, 5.0], "counts": [215, 0, 221, 0, 105, 0, 43, 0, 14, 2]}}, "categorical": {"plan": {"freq": {"Basic": 0.345, "Premium": 0.3383333333333333, "Standard": 0.31666666666666665}}, "canal_contacto": {"freq": {"email": 0.23, "app": 0.21666666666666667, "web": 0.18666666666666668, "chat": 0.185, "telefono": 0.18166666666666667}}, "tipo_pago": {"freq": {"tarjeta": 0.2733333333333333, "transferencia": 0.255, "efectivo": 0.24, "debito_automatico": 0.23166666666666666}}, "region": {"freq": {"este": 0.2783333333333333, "oeste": 0.26, "norte": 0.235, "sur": 0.22666666666666666}}, "tipo_cliente": {"freq": {"nuevo": 0.37333333333333335, "corporativo": 0.34, "antiguo": 0.2866666666666667}}}}