{"method":"isotonic","brier":0.1758443518,"ece":0.0845238095}