{"accuracy":0.7916666667,"precision":0.3333333333,"recall":0.0416666667,"f1":0.0740740741}