{"key": "region", "metrics": {"este": {"accuracy": 0.6470588235294118, "precision": 0.0, "recall": 0.0, "f1": 0.0}, "norte": {"accuracy": 0.7931034482758621, "precision": 0.0, "recall": 0.0, "f1": 0.0}, "oeste": {"accuracy": 0.75, "precision": 0.0, "recall": 0.0, "f1": 0.0}, "sur": {"accuracy": 0.8214285714285714, "precision": 0.5, "recall": 0.2, "f1": 0.2857142857142857}}}